Rk,Wk,Date,Time,Day,Winner/Tie,WinnerPts,At,Loser/Tie,LoserPts,Notes
1,1,Aug 29 2013,7:00 PM,Thu,Ball State,51,,Illinois State,28,
2,1,Aug 29 2013,7:00 PM,Thu,Bowling Green State,34,,Tulsa,7,
3,1,Aug 29 2013,7:00 PM,Thu,Central Florida,38,,Akron,7,
4,1,Aug 29 2013,10:30 PM,Thu,Fresno State,52,,Rutgers,51,
5,1,Aug 29 2013,7:00 PM,Thu,Indiana,73,,Indiana State,35,
6,1,Aug 29 2013,6:00 PM,Thu,Kent State,17,,Liberty,10,
7,1,Aug 29 2013,7:30 PM,Thu,Middle Tennessee State,45,,Western Carolina,24,
8,1,Aug 29 2013,7:00 PM,Thu,Minnesota,51,,Nevada-Las Vegas,23,
9,1,Aug 29 2013,9:15 PM,Thu,Mississippi,39,@,Vanderbilt,35,
10,1,Aug 29 2013,10:00 PM,Thu,San Jose State,24,,Sacramento State,0,
11,1,Aug 29 2013,6:00 PM,Thu,(6) South Carolina,27,,North Carolina,10,
12,1,Aug 29 2013,11:00 PM,Thu,(24) Southern California,30,@,Hawaii,13,
13,1,Aug 29 2013,7:30 PM,Thu,Southern Utah,22,@,South Alabama,21,
14,1,Aug 29 2013,7:30 PM,Thu,Towson,33,@,Connecticut,18,
15,1,Aug 29 2013,8:00 PM,Thu,Tulane,34,,Jackson State,7,
16,1,Aug 29 2013,8:00 PM,Thu,Utah,30,,Utah State,26,
17,1,Aug 29 2013,6:30 PM,Thu,Wake Forest,31,,Presbyterian,7,
18,1,Aug 30 2013,10:00 PM,Fri,Arizona,35,,Northern Arizona,0,
19,1,Aug 30 2013,7:00 PM,Fri,Army,28,,Morgan State,12,
20,1,Aug 30 2013,8:30 PM,Fri,Houston,62,,Southern,13,
21,1,Aug 30 2013,8:00 PM,Fri,Miami (FL),34,,Florida Atlantic,6,
22,1,Aug 30 2013,8:00 PM,Fri,Michigan State,26,,Western Michigan,13,
24,1,Aug 30 2013,7:00 PM,Fri,Samford,31,@,Georgia State,21,
25,1,Aug 30 2013,8:00 PM,Fri,Texas Tech,41,@,Southern Methodist,23,
26,1,Aug 31 2013,3:00 PM,Sat,Air Force,38,,Colgate,13,
27,1,Aug 31 2013,5:30 PM,Sat,(1) Alabama,35,,Virginia Tech,10,Georgia Dome - Atlanta GA
28,1,Aug 31 2013,4:00 PM,Sat,Arkansas,34,,Louisiana-Lafayette,14,
29,1,Aug 31 2013,7:00 PM,Sat,Arkansas State,62,,Arkansas-Pine Bluff,11,
30,1,Aug 31 2013,7:00 PM,Sat,Auburn,31,,Washington State,24,
31,1,Aug 31 2013,7:30 PM,Sat,Baylor,69,,Wofford,3,
32,1,Aug 31 2013,12:00 PM,Sat,Boston College,24,,Villanova,14,
33,1,Aug 31 2013,12:00 PM,Sat,Cincinnati,42,,Purdue,7,
34,1,Aug 31 2013,8:00 PM,Sat,(8) Clemson,38,,(5) Georgia,35,
35,1,Aug 31 2013,4:00 PM,Sat,Duke,45,,North Carolina Central,0,
36,1,Aug 31 2013,7:00 PM,Sat,East Carolina,52,,Old Dominion,38,
37,1,Aug 31 2013,8:00 PM,Sat,Eastern Illinois,40,@,San Diego State,19,
38,1,Aug 31 2013,6:00 PM,Sat,Eastern Michigan,34,,Howard,24,
39,1,Aug 31 2013,6:00 PM,Sat,Eastern Washington,49,@,(25) Oregon State,46,
40,1,Aug 31 2013,12:21 PM,Sat,(10) Florida,24,,Toledo,6,
41,1,Aug 31 2013,12:00 PM,Sat,Georgia Tech,70,,Elon,0,
42,1,Aug 31 2013,12:00 PM,Sat,Illinois,42,,Southern Illinois,34,
43,1,Aug 31 2013,9:00 PM,Sat,(12) Louisiana State,37,,(20) Texas Christian,27,AT&amp;T Stadium - Arlington TX
44,1,Aug 31 2013,7:00 PM,Sat,Marshall,52,,Miami (OH),14,
45,1,Aug 31 2013,12:30 PM,Sat,Maryland,43,,Florida International,10,
46,1,Aug 31 2013,7:00 PM,Sat,McNeese State,53,@,South Florida,21,
47,1,Aug 31 2013,3:30 PM,Sat,(17) Michigan,59,,Central Michigan,9,
48,1,Aug 31 2013,7:00 PM,Sat,Missouri,58,,Murray State,14,
49,1,Aug 31 2013,8:00 PM,Sat,(18) Nebraska,37,,Wyoming,34,
50,1,Aug 31 2013,12:30 PM,Sat,North Carolina State,40,,Louisiana Tech,14,
51,1,Aug 31 2013,7:00 PM,Sat,North Texas,40,,Idaho,6,
52,1,Aug 31 2013,3:30 PM,Sat,Northern Illinois,30,@,Iowa,27,
54,1,Aug 31 2013,10:30 PM,Sat,(22) Northwestern,44,@,California,30,
55,1,Aug 31 2013,3:41 PM,Sat,(14) Notre Dame,28,,Temple,6,
56,1,Aug 31 2013,12:00 PM,Sat,(2) Ohio State,40,,Buffalo,20,
57,1,Aug 31 2013,7:00 PM,Sat,(16) Oklahoma,34,,Louisiana-Monroe,0,
58,1,Aug 31 2013,3:30 PM,Sat,(13) Oklahoma State,21,,Mississippi State,3,Reliant Stadium - Houston TX
59,1,Aug 31 2013,4:00 PM,Sat,(3) Oregon,66,,Nicholls State,3,
60,1,Aug 31 2013,3:30 PM,Sat,Penn State,23,,Syracuse,17,MetLife Stadium - East Rutherford NJ
61,1,Aug 31 2013,6:00 PM,Sat,Tennessee,45,,Austin Peay,0,
62,1,Aug 31 2013,8:00 PM,Sat,(15) Texas,56,,New Mexico State,7,
63,1,Aug 31 2013,1:00 PM,Sat,(7) Texas A&amp;M,52,,Rice,31,
64,1,Aug 31 2013,7:00 PM,Sat,Texas State,22,@,Southern Mississippi,15,
65,1,Aug 31 2013,8:00 PM,Sat,Texas-San Antonio,21,@,New Mexico,13,
66,1,Aug 31 2013,7:00 PM,Sat,Troy,34,,Alabama-Birmingham,31,
67,1,Aug 31 2013,10:00 PM,Sat,(21) UCLA,58,,Nevada,20,
68,1,Aug 31 2013,3:30 PM,Sat,Virginia,19,,Brigham Young,16,
69,1,Aug 31 2013,10:00 PM,Sat,Washington,38,,(19) Boise State,6,
70,1,Aug 31 2013,12:00 PM,Sat,West Virginia,24,,William &amp; Mary,17,
71,1,Aug 31 2013,7:00 PM,Sat,Western Kentucky,35,,Kentucky,26,LP Field - Nashville TN
72,1,Aug 31 2013,12:00 PM,Sat,(23) Wisconsin,45,,Massachusetts,0,
73,1,Sep 1 2013,6:00 PM,Sun,Colorado,41,,Colorado State,27,Sports Authority Field at Mile High Stadium - Denver CO
74,1,Sep 1 2013,3:30 PM,Sun,(8) Louisville,49,,Ohio,7,
75,1,Sep 2 2013,8:00 PM,Mon,(10) Florida State,41,@,Pittsburgh,13,
76,2,Sep 5 2013,10:00 PM,Thu,Arizona State,55,,Sacramento State,0,
77,2,Sep 5 2013,7:30 PM,Thu,East Carolina,31,,Florida Atlantic,13,
78,2,Sep 6 2013,8:00 PM,Fri,Boston College,24,,Wake Forest,10,
79,2,Sep 6 2013,8:00 PM,Fri,Central Florida,38,@,Florida International,0,
80,2,Sep 7 2013,6:00 PM,Sat,Akron,35,,James Madison,33,
81,2,Sep 7 2013,10:30 PM,Sat,Arizona,58,@,Nevada-Las Vegas,13,
82,2,Sep 7 2013,7:00 PM,Sat,Arkansas,31,,Samford,21,
83,2,Sep 7 2013,7:30 PM,Sat,Auburn,38,,Arkansas State,9,
84,2,Sep 7 2013,1:00 PM,Sat,Ball State,40,,Army,14,
85,2,Sep 7 2013,3:30 PM,Sat,(23) Baylor,70,,Buffalo,13,
86,2,Sep 7 2013,3:00 PM,Sat,Boise State,63,,Tennessee-Martin,14,
87,2,Sep 7 2013,12:00 PM,Sat,Bowling Green State,41,@,Kent State,22,
88,2,Sep 7 2013,8:50 PM,Sat,Brigham Young,40,,(15) Texas,21,
89,2,Sep 7 2013,5:00 PM,Sat,California,37,,Portland State,30,
90,2,Sep 7 2013,3:00 PM,Sat,Central Michigan,24,,New Hampshire,21,
91,2,Sep 7 2013,2:00 PM,Sat,Chattanooga,42,@,Georgia State,14,
92,2,Sep 7 2013,12:30 PM,Sat,(4) Clemson,52,,South Carolina State,13,
93,2,Sep 7 2013,8:00 PM,Sat,Colorado,38,,Central Arkansas,24,
94,2,Sep 7 2013,4:30 PM,Sat,Duke,28,@,Memphis,14,
95,2,Sep 7 2013,10:00 PM,Sat,Fresno State,41,,Cal Poly,25,
96,2,Sep 7 2013,4:30 PM,Sat,(11) Georgia,41,,(6) South Carolina,30,
97,2,Sep 7 2013,12:00 PM,Sat,Houston,22,@,Temple,13,
98,2,Sep 7 2013,12:00 PM,Sat,Illinois,45,,Cincinnati,17,
99,2,Sep 7 2013,12:00 PM,Sat,Iowa,28,,Missouri State,14,
100,2,Sep 7 2013,7:00 PM,Sat,Kansas,31,,South Dakota,14,
101,2,Sep 7 2013,6:30 PM,Sat,Kansas State,48,,Louisiana-Lafayette,27,
102,2,Sep 7 2013,12:00 PM,Sat,Kentucky,41,,Miami (OH),7,
103,2,Sep 7 2013,7:00 PM,Sat,(9) Louisiana State,56,,Alabama-Birmingham,17,
104,2,Sep 7 2013,7:00 PM,Sat,Louisiana Tech,27,,Lamar,14,
105,2,Sep 7 2013,7:00 PM,Sat,Louisiana-Monroe,48,,Grambling State,10,
106,2,Sep 7 2013,12:00 PM,Sat,(8) Louisville,44,,Eastern Kentucky,7,
107,2,Sep 7 2013,2:00 PM,Sat,Maine,24,@,Massachusetts,14,
108,2,Sep 7 2013,6:30 PM,Sat,Marshall,55,,Gardner-Webb,0,
109,2,Sep 7 2013,4:00 PM,Sat,Maryland,47,,Old Dominion,10,
110,2,Sep 7 2013,12:00 PM,Sat,Miami (FL),21,,(12) Florida,16,
111,2,Sep 7 2013,8:00 PM,Sat,(17) Michigan,41,,(14) Notre Dame,30,
112,2,Sep 7 2013,12:00 PM,Sat,Michigan State,21,,South Florida,6,
113,2,Sep 7 2013,8:00 PM,Sat,Minnesota,44,@,New Mexico State,21,
114,2,Sep 7 2013,7:00 PM,Sat,Mississippi,31,,Southeast Missouri State,13,
115,2,Sep 7 2013,3:30 PM,Sat,Mississippi State,51,,Alcorn State,7,
116,2,Sep 7 2013,3:30 PM,Sat,Missouri,38,,Toledo,23,
117,2,Sep 7 2013,6:00 PM,Sat,Navy,41,@,Indiana,35,
118,2,Sep 7 2013,6:00 PM,Sat,(22) Nebraska,56,,Southern Mississippi,13,
119,2,Sep 7 2013,9:05 PM,Sat,Nevada,36,,California-Davis,7,
120,2,Sep 7 2013,8:00 PM,Sat,New Mexico,42,@,Texas-El Paso,35,
121,2,Sep 7 2013,7:00 PM,Sat,Nicholls State,27,@,Western Michigan,23,
122,2,Sep 7 2013,12:30 PM,Sat,North Carolina,40,,Middle Tennessee State,20,
123,2,Sep 7 2013,6:00 PM,Sat,North Carolina State,23,,Richmond,21,
124,2,Sep 7 2013,6:00 PM,Sat,(19) Northwestern,48,,Syracuse,27,
125,2,Sep 7 2013,7:00 PM,Sat,Ohio,27,,North Texas,21,
126,2,Sep 7 2013,3:30 PM,Sat,(3) Ohio State,42,,San Diego State,7,
127,2,Sep 7 2013,7:00 PM,Sat,(16) Oklahoma,16,,West Virginia,7,
128,2,Sep 7 2013,12:00 PM,Sat,(13) Oklahoma State,56,@,Texas-San Antonio,35,
129,2,Sep 7 2013,3:30 PM,Sat,(2) Oregon,59,@,Virginia,10,
130,2,Sep 7 2013,8:00 PM,Sat,Oregon State,33,,Hawaii,14,
131,2,Sep 7 2013,12:00 PM,Sat,Penn State,45,,Eastern Michigan,7,
132,2,Sep 7 2013,12:00 PM,Sat,Purdue,20,,Indiana State,14,
133,2,Sep 7 2013,12:00 PM,Sat,Rutgers,38,,Norfolk State,0,
134,2,Sep 7 2013,3:30 PM,Sat,South Alabama,41,@,Tulane,39,
135,2,Sep 7 2013,8:00 PM,Sat,Southern Methodist,31,,Montana State,30,
136,2,Sep 7 2013,11:00 PM,Sat,(5) Stanford,34,,San Jose State,13,
137,2,Sep 7 2013,12:21 PM,Sat,Tennessee,52,,Western Kentucky,20,
138,2,Sep 7 2013,7:00 PM,Sat,(7) Texas A&amp;M,65,,Sam Houston State,28,
139,2,Sep 7 2013,12:00 PM,Sat,(24) Texas Christian,38,,Southeastern Louisiana,17,
140,2,Sep 7 2013,7:00 PM,Sat,Texas State,28,,Prairie View A&amp;M,3,
141,2,Sep 7 2013,7:00 PM,Sat,Texas Tech,61,,Stephen F. Austin,13,
142,2,Sep 7 2013,7:00 PM,Sat,Troy,66,,Savannah State,3,
143,2,Sep 7 2013,7:00 PM,Sat,Tulsa,30,,Colorado State,27,
144,2,Sep 7 2013,2:00 PM,Sat,Utah,70,,Weber State,7,
145,2,Sep 7 2013,3:30 PM,Sat,Utah State,52,@,Air Force,20,
146,2,Sep 7 2013,7:30 PM,Sat,Vanderbilt,38,,Austin Peay,3,
147,2,Sep 7 2013,1:30 PM,Sat,Virginia Tech,45,,Western Carolina,3,
148,2,Sep 7 2013,10:30 PM,Sat,Washington State,10,@,(25) Southern California,7,
149,2,Sep 7 2013,12:00 PM,Sat,(21) Wisconsin,48,,Tennessee Tech,0,
150,2,Sep 7 2013,4:00 PM,Sat,Wyoming,42,,Idaho,10,
151,3,Sep 12 2013,7:30 PM,Thu,Arkansas State,41,,Troy,34,
152,3,Sep 12 2013,7:30 PM,Thu,Texas Tech,20,,(24) Texas Christian,10,
153,3,Sep 12 2013,7:30 PM,Thu,Tulane,24,@,Louisiana Tech,15,
154,3,Sep 13 2013,8:00 PM,Fri,Boise State,42,,Air Force,20,
155,3,Sep 14 2013,3:30 PM,Sat,(1) Alabama,49,@,(6) Texas A&amp;M,42,
156,3,Sep 14 2013,10:30 PM,Sat,Arizona,38,,Texas-San Antonio,13,
157,3,Sep 14 2013,10:30 PM,Sat,Arizona State,32,,(20) Wisconsin,30,
158,3,Sep 14 2013,12:21 PM,Sat,Arkansas,24,,Southern Mississippi,3,
159,3,Sep 14 2013,7:00 PM,Sat,Auburn,24,,Mississippi State,20,
160,3,Sep 14 2013,6:00 PM,Sat,Bethune-Cookman,34,@,Florida International,13,
161,3,Sep 14 2013,3:30 PM,Sat,Buffalo,26,,Stony Brook,23,
162,3,Sep 14 2013,6:00 PM,Sat,Central Florida,34,@,Penn State,31,
163,3,Sep 14 2013,7:00 PM,Sat,Cincinnati,66,,Northwestern State,9,
164,3,Sep 14 2013,3:30 PM,Sat,Colorado State,34,,Cal Poly,17,
165,3,Sep 14 2013,7:00 PM,Sat,Florida Atlantic,28,@,South Florida,10,
166,3,Sep 14 2013,3:30 PM,Sat,(10) Florida State,62,,Nevada,7,
167,3,Sep 14 2013,1:00 PM,Sat,Fordham,30,@,Temple,29,
168,3,Sep 14 2013,2:00 PM,Sat,Fresno State,,@,Colorado,,Game Cancelled
169,3,Sep 14 2013,3:30 PM,Sat,Georgia Tech,38,@,Duke,14,
170,3,Sep 14 2013,12:00 PM,Sat,Indiana,42,,Bowling Green State,10,
171,3,Sep 14 2013,6:00 PM,Sat,Iowa,27,@,Iowa State,21,
172,3,Sep 14 2013,7:00 PM,Sat,Kansas State,37,,Massachusetts,7,
173,3,Sep 14 2013,7:00 PM,Sat,(8) Louisiana State,45,,Kent State,13,
174,3,Sep 14 2013,7:00 PM,Sat,Louisiana-Lafayette,70,,Nicholls State,7,
175,3,Sep 14 2013,12:30 PM,Sat,Louisiana-Monroe,21,@,Wake Forest,19,
176,3,Sep 14 2013,12:00 PM,Sat,(7) Louisville,27,@,Kentucky,13,
177,3,Sep 14 2013,7:30 PM,Sat,Maryland,32,@,Connecticut,21,
178,3,Sep 14 2013,12:00 PM,Sat,(11) Michigan,28,,Akron,24,
179,3,Sep 14 2013,2:00 PM,Sat,Michigan State,55,,Youngstown State,17,
180,3,Sep 14 2013,7:00 PM,Sat,Middle Tennessee State,17,,Memphis,15,
181,3,Sep 14 2013,12:00 PM,Sat,Minnesota,29,,Western Illinois,12,
182,3,Sep 14 2013,8:00 PM,Sat,(25) Mississippi,44,@,Texas,23,
183,3,Sep 14 2013,3:30 PM,Sat,Navy,51,,Delaware,7,
184,3,Sep 14 2013,10:00 PM,Sat,Nevada-Las Vegas,31,,Central Michigan,21,
185,3,Sep 14 2013,4:00 PM,Sat,North Texas,34,,Ball State,27,
186,3,Sep 14 2013,5:00 PM,Sat,Northern Illinois,45,@,Idaho,35,
187,3,Sep 14 2013,9:00 PM,Sat,(17) Northwestern,38,,Western Michigan,17,
188,3,Sep 14 2013,8:00 PM,Sat,(21) Notre Dame,31,@,Purdue,24,
189,3,Sep 14 2013,8:00 PM,Sat,Ohio,34,,Marshall,31,
190,3,Sep 14 2013,7:00 PM,Sat,(4) Ohio State,52,@,California,34,
191,3,Sep 14 2013,12:00 PM,Sat,(14) Oklahoma,51,,Tulsa,20,
192,3,Sep 14 2013,7:30 PM,Sat,(12) Oklahoma State,59,,Lamar,3,
193,3,Sep 14 2013,3:30 PM,Sat,(2) Oregon,59,,Tennessee,14,
194,3,Sep 14 2013,10:00 PM,Sat,Oregon State,51,@,Utah,48,
195,3,Sep 14 2013,12:30 PM,Sat,Pittsburgh,49,,New Mexico,27,
196,3,Sep 14 2013,7:30 PM,Sat,Rice,23,,Kansas,14,
197,3,Sep 14 2013,1:00 PM,Sat,Rutgers,28,,Eastern Michigan,10,
198,3,Sep 14 2013,7:30 PM,Sat,South Alabama,31,,Western Kentucky,24,
199,3,Sep 14 2013,7:00 PM,Sat,(13) South Carolina,35,,Vanderbilt,25,
200,3,Sep 14 2013,3:00 PM,Sat,Southern California,35,,Boston College,7,
201,3,Sep 14 2013,12:00 PM,Sat,(5) Stanford,34,@,Army,20,
202,3,Sep 14 2013,4:00 PM,Sat,Syracuse,54,,Wagner,0,
203,3,Sep 14 2013,8:00 PM,Sat,Texas-El Paso,42,@,New Mexico State,21,
204,3,Sep 14 2013,7:00 PM,Sat,Toledo,33,,Eastern Washington,21,
205,3,Sep 14 2013,12:00 PM,Sat,(16) UCLA,41,@,(23) Nebraska,21,
206,3,Sep 14 2013,8:00 PM,Sat,Utah State,70,,Weber State,6,
207,3,Sep 14 2013,12:00 PM,Sat,Virginia Tech,15,@,East Carolina,10,
208,3,Sep 14 2013,6:00 PM,Sat,(19) Washington,34,,Illinois,24,Soldier Field - Chicago IL
209,3,Sep 14 2013,6:30 PM,Sat,Washington State,48,,Southern Utah,10,
210,3,Sep 14 2013,12:00 PM,Sat,West Virginia,41,,Georgia State,7,
211,3,Sep 14 2013,4:00 PM,Sat,Wyoming,35,,Northern Colorado,7,
212,4,Sep 19 2013,7:30 PM,Thu,(3) Clemson,26,@,North Carolina State,14,
213,4,Sep 20 2013,9:00 PM,Fri,Fresno State,41,,Boise State,40,
214,4,Sep 21 2013,7:00 PM,Sat,(1) Alabama,31,,Colorado State,6,
215,4,Sep 21 2013,3:00 PM,Sat,Alabama-Birmingham,52,,Northwestern State,28,
216,4,Sep 21 2013,1:00 PM,Sat,Ball State,51,@,Eastern Michigan,20,
217,4,Sep 21 2013,4:00 PM,Sat,(20) Baylor,70,,Louisiana-Monroe,7,
218,4,Sep 21 2013,3:30 PM,Sat,Bowling Green State,48,,Murray State,7,
219,4,Sep 21 2013,4:00 PM,Sat,Cincinnati,14,@,Miami (OH),0,
220,4,Sep 21 2013,3:30 PM,Sat,(19) Florida,31,,Tennessee,17,
221,4,Sep 21 2013,6:00 PM,Sat,(8) Florida State,54,,Bethune-Cookman,6,
222,4,Sep 21 2013,12:21 PM,Sat,(9) Georgia,45,,North Texas,21,
223,4,Sep 21 2013,12:00 PM,Sat,Georgia Tech,28,,North Carolina,20,
224,4,Sep 21 2013,3:00 PM,Sat,Houston,31,,Rice,26,Reliant Stadium - Houston TX
225,4,Sep 21 2013,12:01 PM,Sat,Iowa,59,,Western Michigan,3,
226,4,Sep 21 2013,2:00 PM,Sat,Jacksonville State,32,@,Georgia State,26,
227,4,Sep 21 2013,12:00 PM,Sat,Kansas,13,,Louisiana Tech,10,
228,4,Sep 21 2013,7:45 PM,Sat,(6) Louisiana State,35,,Auburn,21,
229,4,Sep 21 2013,6:00 PM,Sat,Louisiana-Lafayette,35,@,Akron,30,
230,4,Sep 21 2013,12:00 PM,Sat,(7) Louisville,72,,Florida International,0,
231,4,Sep 21 2013,3:30 PM,Sat,Maryland,37,,West Virginia,0,M&amp;T Bank Stadium - Baltimore MD
232,4,Sep 21 2013,4:30 PM,Sat,Memphis,31,,Arkansas State,7,
233,4,Sep 21 2013,7:00 PM,Sat,(16) Miami (FL),77,,Savannah State,7,
234,4,Sep 21 2013,8:00 PM,Sat,(15) Michigan,24,@,Connecticut,21,
235,4,Sep 21 2013,12:00 PM,Sat,Middle Tennessee State,42,@,Florida Atlantic,35,
236,4,Sep 21 2013,12:00 PM,Sat,Minnesota,43,,San Jose State,24,
237,4,Sep 21 2013,7:30 PM,Sat,Mississippi State,62,,Troy,7,
238,4,Sep 21 2013,8:00 PM,Sat,Missouri,45,@,Indiana,28,
239,4,Sep 21 2013,3:30 PM,Sat,Nebraska,59,,South Dakota State,20,
240,4,Sep 21 2013,8:05 PM,Sat,Nevada,31,,Hawaii,9,
241,4,Sep 21 2013,9:00 PM,Sat,Nevada-Las Vegas,38,,Western Illinois,7,
242,4,Sep 21 2013,7:00 PM,Sat,Northern Illinois,43,,Eastern Illinois,39,
243,4,Sep 21 2013,3:30 PM,Sat,(18) Northwestern,35,,Maine,21,
244,4,Sep 21 2013,3:30 PM,Sat,(22) Notre Dame,17,,Michigan State,13,
245,4,Sep 21 2013,2:00 PM,Sat,Ohio,38,,Austin Peay,0,
246,4,Sep 21 2013,12:00 PM,Sat,(4) Ohio State,76,,Florida A&amp;M,0,
247,4,Sep 21 2013,7:30 PM,Sat,Oregon State,34,@,San Diego State,30,
248,4,Sep 21 2013,3:30 PM,Sat,Penn State,34,,Kent State,0,
249,4,Sep 21 2013,12:30 PM,Sat,Pittsburgh,58,@,Duke,55,
250,4,Sep 21 2013,3:30 PM,Sat,Rutgers,28,,Arkansas,24,
251,4,Sep 21 2013,3:30 PM,Sat,Southern California,17,,Utah State,14,
252,4,Sep 21 2013,7:00 PM,Sat,(5) Stanford,42,,(23) Arizona State,28,
253,4,Sep 21 2013,12:30 PM,Sat,Syracuse,52,,Tulane,17,
254,4,Sep 21 2013,8:00 PM,Sat,Texas,31,,Kansas State,21,
255,4,Sep 21 2013,7:00 PM,Sat,(10) Texas A&amp;M,42,,Southern Methodist,13,
256,4,Sep 21 2013,7:00 PM,Sat,(25) Texas Tech,33,,Texas State,7,
257,4,Sep 21 2013,8:00 PM,Sat,Texas-San Antonio,32,@,Texas-El Paso,13,
258,4,Sep 21 2013,12:00 PM,Sat,Toledo,38,@,Central Michigan,17,
259,4,Sep 21 2013,10:30 PM,Sat,(13) UCLA,59,,New Mexico State,13,
260,4,Sep 21 2013,10:15 PM,Sat,Utah,20,@,Brigham Young,13,
261,4,Sep 21 2013,12:00 PM,Sat,Vanderbilt,24,@,Massachusetts,7,
262,4,Sep 21 2013,3:30 PM,Sat,Virginia,49,,Virginia Military Institute,0,
263,4,Sep 21 2013,12:00 PM,Sat,Virginia Tech,29,,Marshall,21,
264,4,Sep 21 2013,12:00 PM,Sat,Wake Forest,25,@,Army,11,
265,4,Sep 21 2013,3:00 PM,Sat,(17) Washington,56,,Idaho State,0,
266,4,Sep 21 2013,10:30 PM,Sat,Washington State,42,,Idaho,0,
267,4,Sep 21 2013,7:00 PM,Sat,Western Kentucky,58,,Morgan State,17,
268,4,Sep 21 2013,3:30 PM,Sat,(24) Wisconsin,41,,Purdue,10,
269,4,Sep 21 2013,10:15 PM,Sat,Wyoming,56,@,Air Force,23,
270,5,Sep 26 2013,7:30 PM,Thu,Iowa State,38,@,Tulsa,21,
271,5,Sep 26 2013,7:30 PM,Thu,Virginia Tech,17,@,Georgia Tech,10,
272,5,Sep 27 2013,9:00 PM,Fri,Brigham Young,37,,Middle Tennessee State,10,
273,5,Sep 27 2013,9:00 PM,Fri,Utah State,40,@,San Jose State,12,
274,5,Sep 28 2013,6:30 PM,Sat,(1) Alabama,25,,(21) Mississippi,0,
275,5,Sep 28 2013,10:30 PM,Sat,Arizona State,62,,Southern California,41,
276,5,Sep 28 2013,4:00 PM,Sat,Army,35,,Louisiana Tech,16,Cotton Bowl - Dallas TX
277,5,Sep 28 2013,3:00 PM,Sat,Ball State,31,,Toledo,24,
278,5,Sep 28 2013,10:15 PM,Sat,Boise State,60,,Southern Mississippi,7,
279,5,Sep 28 2013,2:30 PM,Sat,Bowling Green State,31,,Akron,14,
280,5,Sep 28 2013,3:30 PM,Sat,Buffalo,41,,Connecticut,12,
281,5,Sep 28 2013,3:30 PM,Sat,(3) Clemson,56,,Wake Forest,7,
282,5,Sep 28 2013,3:30 PM,Sat,Colorado State,59,,Texas-El Paso,42,
283,5,Sep 28 2013,3:00 PM,Sat,Duke,38,,Troy,31,
284,5,Sep 28 2013,12:30 PM,Sat,East Carolina,55,@,North Carolina,31,
285,5,Sep 28 2013,7:00 PM,Sat,(20) Florida,24,@,Kentucky,7,
286,5,Sep 28 2013,3:30 PM,Sat,(8) Florida State,48,@,Boston College,34,
287,5,Sep 28 2013,11:59 PM,Sat,(25) Fresno State,42,@,Hawaii,37,
288,5,Sep 28 2013,3:30 PM,Sat,(9) Georgia,44,,(6) Louisiana State,41,
289,5,Sep 28 2013,4:00 PM,Sat,Houston,59,@,Texas-San Antonio,28,
290,5,Sep 28 2013,5:00 PM,Sat,Idaho,26,,Temple,24,
291,5,Sep 28 2013,12:00 PM,Sat,Illinois,50,,Miami (OH),14,
292,5,Sep 28 2013,3:30 PM,Sat,Iowa,23,@,Minnesota,7,
293,5,Sep 28 2013,7:00 PM,Sat,Kent State,32,@,Western Michigan,14,
294,5,Sep 28 2013,12:00 PM,Sat,(15) Miami (FL),49,@,South Florida,21,
295,5,Sep 28 2013,7:30 PM,Sat,Missouri,41,,Arkansas State,19,
296,5,Sep 28 2013,8:05 PM,Sat,Nevada,45,,Air Force,42,
297,5,Sep 28 2013,8:08 PM,Sat,Nevada-Las Vegas,56,@,New Mexico,42,
298,5,Sep 28 2013,3:30 PM,Sat,North Carolina State,48,,Central Michigan,14,
299,5,Sep 28 2013,12:00 PM,Sat,Northern Illinois,55,@,Purdue,24,
300,5,Sep 28 2013,8:00 PM,Sat,(4) Ohio State,31,,(23) Wisconsin,24,
301,5,Sep 28 2013,3:30 PM,Sat,(14) Oklahoma,35,@,(22) Notre Dame,21,
302,5,Sep 28 2013,10:30 PM,Sat,(2) Oregon,55,,California,16,
303,5,Sep 28 2013,3:00 PM,Sat,Oregon State,44,,Colorado,17,
304,5,Sep 28 2013,12:30 PM,Sat,Pittsburgh,14,,Virginia,3,
305,5,Sep 28 2013,7:00 PM,Sat,Rice,18,,Florida Atlantic,14,
306,5,Sep 28 2013,8:00 PM,Sat,San Diego State,26,@,New Mexico State,16,
307,5,Sep 28 2013,12:00 PM,Sat,(12) South Carolina,28,@,Central Florida,25,
308,5,Sep 28 2013,10:00 PM,Sat,(5) Stanford,55,,Washington State,17,CenturyLink Field - Seattle WA
309,5,Sep 28 2013,12:21 PM,Sat,Tennessee,31,,South Alabama,24,
310,5,Sep 28 2013,7:00 PM,Sat,(10) Texas A&amp;M,45,@,Arkansas,33,
311,5,Sep 28 2013,12:00 PM,Sat,Texas Christian,48,,Southern Methodist,17,
312,5,Sep 28 2013,7:00 PM,Sat,Texas State,42,,Wyoming,21,
313,5,Sep 28 2013,7:00 PM,Sat,Tulane,31,@,Louisiana-Monroe,14,
314,5,Sep 28 2013,7:30 PM,Sat,Vanderbilt,52,,Alabama-Birmingham,24,
315,5,Sep 28 2013,7:00 PM,Sat,(16) Washington,31,,Arizona,13,
316,5,Sep 28 2013,12:00 PM,Sat,West Virginia,30,,(11) Oklahoma State,21,
317,5,Sep 28 2013,2:00 PM,Sat,Western Kentucky,19,,Navy,7,
318,6,Oct 3 2013,7:30 PM,Thu,Texas,31,@,Iowa State,30,
319,6,Oct 3 2013,10:00 PM,Thu,(12) UCLA,34,@,Utah,27,
320,6,Oct 3 2013,7:30 PM,Thu,Western Kentucky,31,@,Louisiana-Monroe,10,
321,6,Oct 4 2013,8:00 PM,Fri,Brigham Young,31,@,Utah State,14,
322,6,Oct 4 2013,9:00 PM,Fri,San Diego State,51,,Nevada,44,
323,6,Oct 5 2013,12:21 PM,Sat,(1) Alabama,45,,Georgia State,3,
324,6,Oct 5 2013,7:00 PM,Sat,Auburn,30,,(24) Mississippi,22,
325,6,Oct 5 2013,12:00 PM,Sat,Ball State,48,@,Virginia,27,
326,6,Oct 5 2013,8:00 PM,Sat,(17) Baylor,73,,West Virginia,42,
327,6,Oct 5 2013,1:00 PM,Sat,Boston College,48,,Army,27,
328,6,Oct 5 2013,3:30 PM,Sat,Bowling Green State,28,,Massachusetts,7,
329,6,Oct 5 2013,12:00 PM,Sat,Buffalo,42,,Eastern Michigan,14,
330,6,Oct 5 2013,4:30 PM,Sat,Central Florida,24,@,Memphis,17,
331,6,Oct 5 2013,1:00 PM,Sat,Central Michigan,21,@,Miami (OH),9,
332,6,Oct 5 2013,3:30 PM,Sat,(3) Clemson,49,@,Syracuse,14,
333,6,Oct 5 2013,3:30 PM,Sat,East Carolina,24,@,Middle Tennessee State,17,
334,6,Oct 5 2013,7:00 PM,Sat,(18) Florida,30,,Arkansas,10,
335,6,Oct 5 2013,3:00 PM,Sat,Florida Atlantic,37,@,Alabama-Birmingham,23,
336,6,Oct 5 2013,4:00 PM,Sat,Florida International,24,@,Southern Mississippi,23,
337,6,Oct 5 2013,12:00 PM,Sat,(8) Florida State,63,,(25) Maryland,0,
338,6,Oct 5 2013,5:00 PM,Sat,(23) Fresno State,61,@,Idaho,14,
339,6,Oct 5 2013,3:30 PM,Sat,(6) Georgia,34,@,Tennessee,31,
340,6,Oct 5 2013,12:00 PM,Sat,Indiana,44,,Penn State,24,
341,6,Oct 5 2013,7:00 PM,Sat,(10) Louisiana State,59,@,Mississippi State,26,
342,6,Oct 5 2013,7:30 PM,Sat,Louisiana Tech,38,@,Texas-El Paso,35,
343,6,Oct 5 2013,7:00 PM,Sat,Louisiana-Lafayette,48,,Texas State,24,
344,6,Oct 5 2013,12:00 PM,Sat,(7) Louisville,30,@,Temple,7,
345,6,Oct 5 2013,2:00 PM,Sat,Marshall,34,,Texas-San Antonio,10,
346,6,Oct 5 2013,3:30 PM,Sat,(14) Miami (FL),45,,Georgia Tech,30,
347,6,Oct 5 2013,3:30 PM,Sat,(19) Michigan,42,,Minnesota,13,
348,6,Oct 5 2013,12:00 PM,Sat,Michigan State,26,@,Iowa,14,
349,6,Oct 5 2013,7:30 PM,Sat,Missouri,51,@,Vanderbilt,28,
350,6,Oct 5 2013,11:30 AM,Sat,Navy,28,,Air Force,10,
351,6,Oct 5 2013,12:00 PM,Sat,Nebraska,39,,Illinois,19,
352,6,Oct 5 2013,7:00 PM,Sat,New Mexico,66,,New Mexico State,17,
353,6,Oct 5 2013,3:30 PM,Sat,Northern Illinois,38,@,Kent State,24,
354,6,Oct 5 2013,7:30 PM,Sat,Notre Dame,37,,(22) Arizona State,34,AT&amp;T Stadium - Arlington TX
355,6,Oct 5 2013,2:00 PM,Sat,Ohio,43,@,Akron,3,
356,6,Oct 5 2013,8:00 PM,Sat,(4) Ohio State,40,@,(16) Northwestern,30,
357,6,Oct 5 2013,7:00 PM,Sat,(11) Oklahoma,20,,Texas Christian,17,
358,6,Oct 5 2013,3:30 PM,Sat,(21) Oklahoma State,33,,Kansas State,29,
359,6,Oct 5 2013,6:00 PM,Sat,(2) Oregon,57,@,Colorado,16,
360,6,Oct 5 2013,3:30 PM,Sat,Rice,30,@,Tulsa,27,
361,6,Oct 5 2013,12:00 PM,Sat,Rutgers,55,@,Southern Methodist,52,
362,6,Oct 5 2013,11:59 PM,Sat,San Jose State,37,@,Hawaii,27,
363,6,Oct 5 2013,7:30 PM,Sat,(13) South Carolina,35,,Kentucky,28,
364,6,Oct 5 2013,7:00 PM,Sat,South Florida,26,,Cincinnati,20,
365,6,Oct 5 2013,10:30 PM,Sat,(5) Stanford,31,,(15) Washington,28,
366,6,Oct 5 2013,12:00 PM,Sat,(20) Texas Tech,54,@,Kansas,16,
367,6,Oct 5 2013,3:00 PM,Sat,Toledo,47,,Western Michigan,20,
368,6,Oct 5 2013,1:00 PM,Sat,Troy,34,,South Alabama,33,
369,6,Oct 5 2013,3:30 PM,Sat,Tulane,24,,North Texas,21,
370,6,Oct 5 2013,12:30 PM,Sat,Virginia Tech,27,,North Carolina,17,
371,6,Oct 5 2013,3:30 PM,Sat,Wake Forest,28,,North Carolina State,13,
372,6,Oct 5 2013,4:00 PM,Sat,Washington State,44,@,California,22,
373,7,Oct 10 2013,7:30 PM,Thu,(8) Louisville,24,,Rutgers,10,
374,7,Oct 10 2013,9:00 PM,Thu,San Diego State,27,@,Air Force,20,
375,7,Oct 10 2013,10:30 PM,Thu,Southern California,38,,Arizona,31,
376,7,Oct 11 2013,8:30 PM,Fri,Cincinnati,38,,Temple,20,
377,7,Oct 12 2013,7:00 PM,Sat,(1) Alabama,48,@,Kentucky,7,
378,7,Oct 12 2013,7:30 PM,Sat,Alabama-Birmingham,27,@,Florida International,24,
379,7,Oct 12 2013,10:00 PM,Sat,Arizona State,54,,Colorado,13,
380,7,Oct 12 2013,7:00 PM,Sat,Arkansas State,48,,Idaho,24,
381,7,Oct 12 2013,12:00 PM,Sat,Army,50,,Eastern Michigan,25,
382,7,Oct 12 2013,2:00 PM,Sat,Auburn,62,,Western Carolina,3,
383,7,Oct 12 2013,3:00 PM,Sat,Ball State,27,,Kent State,24,
384,7,Oct 12 2013,3:30 PM,Sat,(15) Baylor,35,@,Kansas State,25,
385,7,Oct 12 2013,8:00 PM,Sat,Boise State,34,@,Utah State,23,
386,7,Oct 12 2013,7:00 PM,Sat,Brigham Young,38,,Georgia Tech,20,
387,7,Oct 12 2013,2:00 PM,Sat,Buffalo,33,@,Western Michigan,0,
388,7,Oct 12 2013,2:00 PM,Sat,Central Michigan,26,@,Ohio,23,
389,7,Oct 12 2013,3:30 PM,Sat,(3) Clemson,24,,Boston College,14,
390,7,Oct 12 2013,12:30 PM,Sat,Duke,35,,Navy,7,
391,7,Oct 12 2013,12:00 PM,Sat,Houston,25,,Memphis,15,BBVA Compass Stadium - Houston TX
392,7,Oct 12 2013,3:30 PM,Sat,(10) Louisiana State,17,,(17) Florida,6,
393,7,Oct 12 2013,7:00 PM,Sat,Louisiana-Monroe,21,@,Texas State,14,
394,7,Oct 12 2013,5:00 PM,Sat,Marshall,24,@,Florida Atlantic,23,
395,7,Oct 12 2013,3:30 PM,Sat,Maryland,27,,Virginia,26,
396,7,Oct 12 2013,3:00 PM,Sat,Massachusetts,17,,Miami (OH),10,
397,7,Oct 12 2013,12:00 PM,Sat,Michigan State,42,,Indiana,28,
398,7,Oct 12 2013,7:30 PM,Sat,Mississippi State,21,,Bowling Green State,20,
399,7,Oct 12 2013,12:00 PM,Sat,(25) Missouri,41,@,(7) Georgia,26,
400,7,Oct 12 2013,12:00 PM,Sat,Nebraska,44,@,Purdue,7,
401,7,Oct 12 2013,8:05 PM,Sat,Nevada-Las Vegas,39,,Hawaii,37,
402,7,Oct 12 2013,7:00 PM,Sat,North Texas,34,,Middle Tennessee State,7,
403,7,Oct 12 2013,5:00 PM,Sat,(23) Northern Illinois,27,,Akron,20,
404,7,Oct 12 2013,4:00 PM,Sat,(2) Oregon,45,@,(16) Washington,24,
405,7,Oct 12 2013,10:30 PM,Sat,Oregon State,52,@,Washington State,24,
406,7,Oct 12 2013,5:00 PM,Sat,Penn State,43,,(18) Michigan,40,
407,7,Oct 12 2013,4:00 PM,Sat,Rice,27,@,Texas-San Antonio,21,
408,7,Oct 12 2013,3:30 PM,Sat,San Jose State,34,@,Colorado State,27,
409,7,Oct 12 2013,12:21 PM,Sat,(14) South Carolina,52,@,Arkansas,7,
410,7,Oct 12 2013,12:00 PM,Sat,South Florida,13,@,Connecticut,10,
411,7,Oct 12 2013,3:30 PM,Sat,Syracuse,24,@,North Carolina State,10,
412,7,Oct 12 2013,12:00 PM,Sat,Texas,36,,(12) Oklahoma,20,Cotton Bowl - Dallas TX
413,7,Oct 12 2013,8:30 PM,Sat,(9) Texas A&amp;M,41,@,Mississippi,38,
414,7,Oct 12 2013,12:00 PM,Sat,Texas Christian,27,,Kansas,17,
415,7,Oct 12 2013,12:00 PM,Sat,(20) Texas Tech,42,,Iowa State,35,
416,7,Oct 12 2013,3:30 PM,Sat,Troy,35,@,Georgia State,28,
417,7,Oct 12 2013,3:30 PM,Sat,Tulane,36,,East Carolina,33,
418,7,Oct 12 2013,8:00 PM,Sat,Tulsa,34,@,Texas-El Paso,20,
419,7,Oct 12 2013,10:30 PM,Sat,(11) UCLA,37,,California,10,
420,7,Oct 12 2013,6:00 PM,Sat,Utah,27,,(5) Stanford,21,
421,7,Oct 12 2013,12:00 PM,Sat,(24) Virginia Tech,19,,Pittsburgh,9,
422,7,Oct 12 2013,3:30 PM,Sat,Wisconsin,35,,(19) Northwestern,6,
423,7,Oct 12 2013,3:30 PM,Sat,Wyoming,38,,New Mexico,31,
424,8,Oct 15 2013,8:00 PM,Tue,Louisiana-Lafayette,37,@,Western Kentucky,20,
425,8,Oct 17 2013,7:45 PM,Thu,(10) Miami (FL),27,@,North Carolina,23,
426,8,Oct 18 2013,8:00 PM,Fri,Central Florida,38,@,(8) Louisville,35,
427,8,Oct 19 2013,1:00 PM,Sat,Akron,24,@,Miami (OH),17,
428,8,Oct 19 2013,7:00 PM,Sat,(1) Alabama,52,,Arkansas,0,
429,8,Oct 19 2013,10:00 PM,Sat,Arizona,35,,Utah,24,
430,8,Oct 19 2013,6:00 PM,Sat,Arizona State,53,,(20) Washington,24,
431,8,Oct 19 2013,3:30 PM,Sat,(24) Auburn,45,@,(7) Texas A&amp;M,41,
432,8,Oct 19 2013,2:00 PM,Sat,Ball State,38,@,Western Michigan,17,
433,8,Oct 19 2013,7:00 PM,Sat,(12) Baylor,71,,Iowa State,7,
434,8,Oct 19 2013,8:00 PM,Sat,Boise State,34,,Nevada,17,
435,8,Oct 19 2013,3:30 PM,Sat,Brigham Young,47,,Houston,46,Reliant Stadium - Houston TX
436,8,Oct 19 2013,3:30 PM,Sat,Buffalo,32,,Massachusetts,3,
437,8,Oct 19 2013,12:00 PM,Sat,Cincinnati,41,,Connecticut,16,
438,8,Oct 19 2013,2:00 PM,Sat,Colorado,43,,Charleston Southern,10,
439,8,Oct 19 2013,2:00 PM,Sat,Colorado State,52,@,Wyoming,22,
440,8,Oct 19 2013,3:30 PM,Sat,Duke,35,@,Virginia,22,
441,8,Oct 19 2013,12:00 PM,Sat,East Carolina,55,,Southern Mississippi,14,
442,8,Oct 19 2013,8:00 PM,Sat,(5) Florida State,51,@,(3) Clemson,14,
443,8,Oct 19 2013,10:00 PM,Sat,(17) Fresno State,38,,Nevada-Las Vegas,14,
444,8,Oct 19 2013,12:30 PM,Sat,Georgia Tech,56,,Syracuse,0,
445,8,Oct 19 2013,3:30 PM,Sat,Michigan,63,,Indiana,47,
446,8,Oct 19 2013,12:00 PM,Sat,Michigan State,14,,Purdue,0,
447,8,Oct 19 2013,12:00 PM,Sat,Minnesota,20,@,Northwestern,17,
448,8,Oct 19 2013,7:00 PM,Sat,Mississippi,27,,(6) Louisiana State,24,
449,8,Oct 19 2013,12:21 PM,Sat,(14) Missouri,36,,(22) Florida,17,
450,8,Oct 19 2013,3:30 PM,Sat,North Texas,28,@,Louisiana Tech,13,
451,8,Oct 19 2013,3:00 PM,Sat,(23) Northern Illinois,38,@,Central Michigan,17,
452,8,Oct 19 2013,7:30 PM,Sat,Notre Dame,14,,Southern California,10,
453,8,Oct 19 2013,1:00 PM,Sat,Ohio,56,@,Eastern Michigan,28,
454,8,Oct 19 2013,3:30 PM,Sat,(4) Ohio State,34,,Iowa,24,
455,8,Oct 19 2013,3:30 PM,Sat,(18) Oklahoma,34,@,Kansas,19,
456,8,Oct 19 2013,12:00 PM,Sat,(21) Oklahoma State,24,,Texas Christian,10,
457,8,Oct 19 2013,10:00 PM,Sat,(2) Oregon,62,,Washington State,38,
458,8,Oct 19 2013,10:30 PM,Sat,Oregon State,49,@,California,17,
459,8,Oct 19 2013,7:00 PM,Sat,Pittsburgh,35,,Old Dominion,24,
460,8,Oct 19 2013,8:00 PM,Sat,Rice,45,@,New Mexico State,19,
461,8,Oct 19 2013,3:00 PM,Sat,South Alabama,38,,Kent State,21,
462,8,Oct 19 2013,12:00 PM,Sat,Southern Methodist,34,@,Memphis,29,
463,8,Oct 19 2013,3:30 PM,Sat,(13) Stanford,24,,(9) UCLA,10,
464,8,Oct 19 2013,1:05 PM,Sat,Temple,33,,Army,14,
465,8,Oct 19 2013,12:00 PM,Sat,Tennessee,23,,(11) South Carolina,21,
466,8,Oct 19 2013,7:00 PM,Sat,Texas State,24,,Georgia State,17,
467,8,Oct 19 2013,12:00 PM,Sat,(16) Texas Tech,37,@,West Virginia,27,
468,8,Oct 19 2013,12:00 PM,Sat,Toledo,45,,Navy,44,
469,8,Oct 19 2013,9:00 PM,Sat,Utah State,45,@,New Mexico,10,
470,8,Oct 19 2013,12:00 PM,Sat,Vanderbilt,31,,(15) Georgia,27,
471,8,Oct 19 2013,3:30 PM,Sat,Wake Forest,34,,Maryland,10,
472,8,Oct 19 2013,8:00 PM,Sat,(25) Wisconsin,56,@,Illinois,32,
473,9,Oct 22 2013,8:00 PM,Tue,Louisiana-Lafayette,23,@,Arkansas State,7,
474,9,Oct 24 2013,7:30 PM,Thu,Middle Tennessee State,51,,Marshall,49,
475,9,Oct 24 2013,7:30 PM,Thu,Mississippi State,28,,Kentucky,22,
476,9,Oct 25 2013,8:00 PM,Fri,Brigham Young,37,,Boise State,20,
477,9,Oct 26 2013,3:30 PM,Sat,(1) Alabama,45,,Tennessee,10,
478,9,Oct 26 2013,8:00 PM,Sat,Arizona,44,@,Colorado,20,
479,9,Oct 26 2013,7:30 PM,Sat,(11) Auburn,45,,Florida Atlantic,10,
480,9,Oct 26 2013,12:00 PM,Sat,Ball State,42,@,Akron,24,
481,9,Oct 26 2013,7:00 PM,Sat,(6) Baylor,59,@,Kansas,14,
482,9,Oct 26 2013,3:30 PM,Sat,Buffalo,41,@,Kent State,21,
483,9,Oct 26 2013,12:00 PM,Sat,(21) Central Florida,62,,Connecticut,17,
484,9,Oct 26 2013,3:30 PM,Sat,(9) Clemson,40,@,Maryland,27,
485,9,Oct 26 2013,11:59 PM,Sat,Colorado State,35,@,Hawaii,28,
486,9,Oct 26 2013,3:30 PM,Sat,Duke,13,@,(16) Virginia Tech,10,
487,9,Oct 26 2013,3:30 PM,Sat,(3) Florida State,49,,North Carolina State,17,
488,9,Oct 26 2013,10:30 PM,Sat,(15) Fresno State,35,@,San Diego State,28,
489,9,Oct 26 2013,12:30 PM,Sat,Georgia Tech,35,@,Virginia,25,
490,9,Oct 26 2013,12:00 PM,Sat,Houston,49,@,Rutgers,14,
491,9,Oct 26 2013,12:00 PM,Sat,Iowa,17,,Northwestern,10,
492,9,Oct 26 2013,3:45 PM,Sat,Kansas State,35,,West Virginia,12,
493,9,Oct 26 2013,7:00 PM,Sat,(13) Louisiana State,48,,Furman,16,
494,9,Oct 26 2013,6:00 PM,Sat,Louisiana Tech,23,@,Florida International,7,
495,9,Oct 26 2013,7:00 PM,Sat,Louisiana-Monroe,38,,Georgia State,10,
496,9,Oct 26 2013,12:00 PM,Sat,(18) Louisville,34,@,South Florida,3,
497,9,Oct 26 2013,12:00 PM,Sat,(7) Miami (FL),24,,Wake Forest,21,
498,9,Oct 26 2013,3:30 PM,Sat,Michigan State,42,@,Illinois,3,
499,9,Oct 26 2013,12:00 PM,Sat,Minnesota,34,,(25) Nebraska,23,
500,9,Oct 26 2013,7:30 PM,Sat,Mississippi,59,,Idaho,14,
501,9,Oct 26 2013,1:00 PM,Sat,Navy,24,,Pittsburgh,21,
502,9,Oct 26 2013,6:05 PM,Sat,Nevada-Las Vegas,27,@,Nevada,22,
503,9,Oct 26 2013,8:00 PM,Sat,New Mexico State,34,,Abilene Christian,29,
504,9,Oct 26 2013,3:30 PM,Sat,North Carolina,34,,Boston College,10,
505,9,Oct 26 2013,7:00 PM,Sat,North Texas,55,@,Southern Mississippi,14,
506,9,Oct 26 2013,3:30 PM,Sat,(23) Northern Illinois,59,,Eastern Michigan,20,
507,9,Oct 26 2013,5:00 PM,Sat,Notre Dame,45,@,Air Force,10,
508,9,Oct 26 2013,2:00 PM,Sat,Ohio,41,,Miami (OH),16,
509,9,Oct 26 2013,8:00 PM,Sat,(4) Ohio State,63,,Penn State,14,
510,9,Oct 26 2013,4:45 PM,Sat,(17) Oklahoma,38,,(10) Texas Tech,30,
511,9,Oct 26 2013,12:00 PM,Sat,(19) Oklahoma State,58,@,Iowa State,27,
512,9,Oct 26 2013,7:00 PM,Sat,(2) Oregon,42,,(12) UCLA,14,
513,9,Oct 26 2013,3:30 PM,Sat,Rice,45,,Texas-El Paso,7,
514,9,Oct 26 2013,7:00 PM,Sat,San Jose State,51,,Wyoming,44,
515,9,Oct 26 2013,7:00 PM,Sat,(20) South Carolina,27,@,(5) Missouri,24,
516,9,Oct 26 2013,4:00 PM,Sat,Southern California,19,,Utah,3,
517,9,Oct 26 2013,3:00 PM,Sat,Southern Methodist,59,,Temple,49,
518,9,Oct 26 2013,10:30 PM,Sat,(8) Stanford,20,@,Oregon State,12,
519,9,Oct 26 2013,7:30 PM,Sat,Texas,30,@,Texas Christian,7,
520,9,Oct 26 2013,12:21 PM,Sat,(14) Texas A&amp;M,56,,Vanderbilt,24,
521,9,Oct 26 2013,7:00 PM,Sat,Texas State,33,,South Alabama,31,
522,9,Oct 26 2013,5:00 PM,Sat,Texas-San Antonio,52,,Alabama-Birmingham,31,
523,9,Oct 26 2013,2:30 PM,Sat,Toledo,28,@,Bowling Green State,25,
524,9,Oct 26 2013,4:00 PM,Sat,Troy,32,@,Western Kentucky,26,
525,9,Oct 26 2013,3:30 PM,Sat,Tulane,14,,Tulsa,7,
526,9,Oct 26 2013,11:00 PM,Sat,Washington,41,,California,17,
527,9,Oct 26 2013,3:00 PM,Sat,Western Michigan,31,@,Massachusetts,30,
528,10,Oct 30 2013,8:00 PM,Wed,Cincinnati,34,@,Memphis,21,
529,10,Oct 31 2013,10:30 PM,Thu,(25) Arizona State,55,@,Washington State,21,
530,10,Oct 31 2013,7:00 PM,Thu,Houston,35,,South Florida,23,
531,10,Oct 31 2013,7:30 PM,Thu,Louisiana-Monroe,49,@,Troy,37,
532,10,Oct 31 2013,7:30 PM,Thu,North Texas,28,,Rice,16,
533,10,Nov 1 2013,9:00 PM,Fri,Southern California,31,@,Oregon State,14,
534,10,Nov 2 2013,12:00 PM,Sat,Air Force,42,,Army,28,
535,10,Nov 2 2013,3:30 PM,Sat,Akron,16,,Kent State,7,
536,10,Nov 2 2013,3:30 PM,Sat,Arizona,33,@,California,28,
537,10,Nov 2 2013,7:30 PM,Sat,Arkansas State,17,@,South Alabama,16,
538,10,Nov 2 2013,6:00 PM,Sat,(8) Auburn,35,@,Arkansas,17,
539,10,Nov 2 2013,8:00 PM,Sat,Boise State,42,@,Colorado State,30,
540,10,Nov 2 2013,12:00 PM,Sat,Boston College,34,,Virginia Tech,27,
541,10,Nov 2 2013,3:30 PM,Sat,(9) Clemson,59,@,Virginia,10,
542,10,Nov 2 2013,6:00 PM,Sat,East Carolina,34,@,Florida International,13,
543,10,Nov 2 2013,5:00 PM,Sat,Florida Atlantic,34,,Tulane,17,
544,10,Nov 2 2013,8:00 PM,Sat,(3) Florida State,41,,(7) Miami (FL),14,
545,10,Nov 2 2013,10:30 PM,Sat,(16) Fresno State,41,,Nevada,23,
546,10,Nov 2 2013,3:30 PM,Sat,Georgia,23,,Florida,20,EverBank Field - Jacksonville FL
547,10,Nov 2 2013,7:00 PM,Sat,Georgia Tech,21,,Pittsburgh,10,
548,10,Nov 2 2013,3:30 PM,Sat,Kansas State,41,,Iowa State,7,
549,10,Nov 2 2013,7:30 PM,Sat,Kentucky,48,,Alabama State,14,
550,10,Nov 2 2013,5:00 PM,Sat,Louisiana-Lafayette,49,,New Mexico State,35,
551,10,Nov 2 2013,12:00 PM,Sat,Marshall,61,,Southern Mississippi,13,
552,10,Nov 2 2013,3:30 PM,Sat,(24) Michigan State,29,,(23) Michigan,6,
553,10,Nov 2 2013,1:00 PM,Sat,Middle Tennessee State,24,@,Alabama-Birmingham,21,
554,10,Nov 2 2013,3:30 PM,Sat,Minnesota,42,@,Indiana,39,
555,10,Nov 2 2013,7:00 PM,Sat,(10) Missouri,31,,Tennessee,3,
556,10,Nov 2 2013,3:30 PM,Sat,Nebraska,27,,Northwestern,24,
557,10,Nov 2 2013,12:30 PM,Sat,North Carolina,27,@,North Carolina State,19,
558,10,Nov 2 2013,12:00 PM,Sat,(21) Northern Illinois,63,@,Massachusetts,19,
559,10,Nov 2 2013,3:30 PM,Sat,Notre Dame,38,,Navy,34,
560,10,Nov 2 2013,12:00 PM,Sat,(4) Ohio State,56,@,Purdue,0,
561,10,Nov 2 2013,7:00 PM,Sat,(18) Oklahoma State,52,@,(15) Texas Tech,34,
562,10,Nov 2 2013,12:00 PM,Sat,Penn State,24,,Illinois,17,
563,10,Nov 2 2013,12:00 PM,Sat,Rutgers,23,,Temple,20,
564,10,Nov 2 2013,8:00 PM,Sat,San Diego State,35,,New Mexico,30,
565,10,Nov 2 2013,4:00 PM,Sat,San Jose State,34,@,Nevada-Las Vegas,24,
566,10,Nov 2 2013,12:21 PM,Sat,(14) South Carolina,34,,Mississippi State,16,
567,10,Nov 2 2013,12:30 PM,Sat,Syracuse,13,,Wake Forest,0,
568,10,Nov 2 2013,3:30 PM,Sat,Texas,35,,Kansas,13,
569,10,Nov 2 2013,9:00 PM,Sat,(12) Texas A&amp;M,57,,Texas-El Paso,7,
570,10,Nov 2 2013,5:00 PM,Sat,Texas State,37,@,Idaho,21,
571,10,Nov 2 2013,3:30 PM,Sat,Texas-San Antonio,34,@,Tulsa,15,
572,10,Nov 2 2013,7:00 PM,Sat,Toledo,55,,Eastern Michigan,16,
573,10,Nov 2 2013,7:30 PM,Sat,(17) UCLA,45,,Colorado,23,
574,10,Nov 2 2013,4:00 PM,Sat,Utah State,47,,Hawaii,10,
575,10,Nov 2 2013,3:30 PM,Sat,West Virginia,30,@,Texas Christian,27,
576,10,Nov 2 2013,1:00 PM,Sat,Western Kentucky,44,@,Georgia State,28,
577,10,Nov 2 2013,12:06 PM,Sat,(22) Wisconsin,28,@,Iowa,9,
578,11,Nov 5 2013,8:00 PM,Tue,Bowling Green State,45,@,Miami (OH),3,
579,11,Nov 5 2013,8:00 PM,Tue,Buffalo,30,,Ohio,3,
580,11,Nov 6 2013,8:00 PM,Wed,Ball State,44,,Central Michigan,24,
581,11,Nov 7 2013,7:30 PM,Thu,(5) Baylor,41,,(12) Oklahoma,12,
582,11,Nov 7 2013,7:30 PM,Thu,Louisiana-Lafayette,41,,Troy,36,
583,11,Nov 7 2013,9:00 PM,Thu,(6) Stanford,26,,(2) Oregon,20,
584,11,Nov 8 2013,8:30 PM,Fri,(20) Louisville,31,@,Connecticut,10,
585,11,Nov 8 2013,9:00 PM,Fri,New Mexico,45,,Air Force,37,
586,11,Nov 9 2013,8:00 PM,Sat,(1) Alabama,38,,(10) Louisiana State,17,
587,11,Nov 9 2013,4:00 PM,Sat,(23) Arizona State,20,@,Utah,19,
588,11,Nov 9 2013,7:00 PM,Sat,Arkansas State,42,@,Louisiana-Monroe,14,
589,11,Nov 9 2013,12:00 PM,Sat,(7) Auburn,55,@,Tennessee,23,
590,11,Nov 9 2013,3:30 PM,Sat,Boston College,48,@,New Mexico State,34,
591,11,Nov 9 2013,7:00 PM,Sat,(19) Central Florida,19,,Houston,14,
592,11,Nov 9 2013,12:00 PM,Sat,Cincinnati,28,,Southern Methodist,25,
593,11,Nov 9 2013,3:30 PM,Sat,Colorado State,38,,Nevada,17,
594,11,Nov 9 2013,4:00 PM,Sat,Duke,38,,North Carolina State,20,
595,11,Nov 9 2013,3:45 PM,Sat,East Carolina,58,,Tulsa,24,
596,11,Nov 9 2013,1:00 PM,Sat,Eastern Michigan,35,,Western Michigan,32,
597,11,Nov 9 2013,12:00 PM,Sat,(3) Florida State,59,@,Wake Forest,3,
598,11,Nov 9 2013,10:15 PM,Sat,(17) Fresno State,48,@,Wyoming,10,
599,11,Nov 9 2013,12:30 PM,Sat,Georgia,45,,Appalachian State,6,
600,11,Nov 9 2013,3:30 PM,Sat,Indiana,52,,Illinois,35,
601,11,Nov 9 2013,12:00 PM,Sat,Iowa,38,@,Purdue,14,
602,11,Nov 9 2013,12:00 PM,Sat,Kansas State,49,@,(25) Texas Tech,26,
603,11,Nov 9 2013,7:00 PM,Sat,Louisiana Tech,36,,Southern Mississippi,13,
604,11,Nov 9 2013,12:00 PM,Sat,Marshall,56,,Alabama-Birmingham,14,
605,11,Nov 9 2013,4:30 PM,Sat,Memphis,21,,Tennessee-Martin,6,
606,11,Nov 9 2013,4:00 PM,Sat,Middle Tennessee State,48,,Florida International,0,
607,11,Nov 9 2013,12:00 PM,Sat,Minnesota,24,,Penn State,10,
608,11,Nov 9 2013,12:21 PM,Sat,Mississippi,34,,Arkansas,24,
609,11,Nov 9 2013,12:00 PM,Sat,(9) Missouri,48,@,Kentucky,17,
610,11,Nov 9 2013,3:30 PM,Sat,Navy,42,,Hawaii,28,
611,11,Nov 9 2013,3:30 PM,Sat,Nebraska,17,@,Michigan,13,
612,11,Nov 9 2013,12:30 PM,Sat,North Carolina,45,,Virginia,14,
613,11,Nov 9 2013,3:30 PM,Sat,North Texas,41,,Texas-El Paso,7,
614,11,Nov 9 2013,4:00 PM,Sat,(15) Oklahoma State,42,,Kansas,6,
615,11,Nov 9 2013,5:00 PM,Sat,Old Dominion,59,@,Idaho,38,
616,11,Nov 9 2013,8:00 PM,Sat,Pittsburgh,28,,(24) Notre Dame,21,
617,11,Nov 9 2013,10:30 PM,Sat,San Diego State,34,@,San Jose State,30,
618,11,Nov 9 2013,3:00 PM,Sat,Southern California,62,@,California,28,
619,11,Nov 9 2013,3:30 PM,Sat,Syracuse,20,@,Maryland,3,
620,11,Nov 9 2013,7:00 PM,Sat,Texas,47,@,West Virginia,40,
621,11,Nov 9 2013,3:30 PM,Sat,(11) Texas A&amp;M,51,,Mississippi State,41,
622,11,Nov 9 2013,12:00 PM,Sat,Texas Christian,21,@,Iowa State,17,
623,11,Nov 9 2013,2:00 PM,Sat,Texas-San Antonio,10,,Tulane,7,
624,11,Nov 9 2013,10:00 PM,Sat,(16) UCLA,31,@,Arizona,26,
625,11,Nov 9 2013,8:00 PM,Sat,Utah State,28,@,Nevada-Las Vegas,24,
626,11,Nov 9 2013,12:00 PM,Sat,Vanderbilt,34,@,Florida,17,
627,11,Nov 9 2013,7:00 PM,Sat,Virginia Tech,42,@,(14) Miami (FL),24,
628,11,Nov 9 2013,8:00 PM,Sat,Washington,59,,Colorado,7,
629,11,Nov 9 2013,12:00 PM,Sat,Western Kentucky,21,@,Army,17,
630,11,Nov 9 2013,3:30 PM,Sat,(21) Wisconsin,27,,Brigham Young,17,
631,12,Nov 12 2013,7:30 PM,Tue,Bowling Green State,49,,Ohio,0,
632,12,Nov 12 2013,7:30 PM,Tue,Toledo,51,,Buffalo,41,
633,12,Nov 13 2013,8:00 PM,Wed,Kent State,24,,Miami (OH),6,
634,12,Nov 13 2013,8:00 PM,Wed,(20) Northern Illinois,48,,Ball State,27,
635,12,Nov 14 2013,7:30 PM,Thu,(8) Clemson,55,,Georgia Tech,31,
636,12,Nov 14 2013,7:30 PM,Thu,Marshall,45,@,Tulsa,34,
637,12,Nov 15 2013,9:00 PM,Fri,(13) UCLA,41,,Washington,31,
638,12,Nov 16 2013,1:00 PM,Sat,Akron,14,,Massachusetts,13,Gillette Stadium - Foxboro MA
639,12,Nov 16 2013,7:45 PM,Sat,(1) Alabama,20,@,Mississippi State,7,
640,12,Nov 16 2013,9:30 PM,Sat,(21) Arizona State,30,,Oregon State,17,
641,12,Nov 16 2013,7:30 PM,Sat,Arkansas State,38,,Texas State,21,
642,12,Nov 16 2013,3:30 PM,Sat,(7) Auburn,43,,(25) Georgia,38,
643,12,Nov 16 2013,7:00 PM,Sat,(4) Baylor,63,,Texas Tech,34,AT&amp;T Stadium - Arlington TX
644,12,Nov 16 2013,10:15 PM,Sat,Boise State,48,,Wyoming,7,
645,12,Nov 16 2013,12:30 PM,Sat,Boston College,38,,North Carolina State,21,
646,12,Nov 16 2013,3:00 PM,Sat,Brigham Young,59,,Idaho State,13,
647,12,Nov 16 2013,12:00 PM,Sat,(15) Central Florida,39,@,Temple,36,
648,12,Nov 16 2013,12:00 PM,Sat,Central Michigan,27,@,Western Michigan,22,
649,12,Nov 16 2013,12:00 PM,Sat,Cincinnati,52,@,Rutgers,17,
650,12,Nov 16 2013,5:30 PM,Sat,Colorado,41,,California,24,
651,12,Nov 16 2013,7:00 PM,Sat,Colorado State,66,@,New Mexico,42,
652,12,Nov 16 2013,3:30 PM,Sat,Duke,48,,(24) Miami (FL),30,
653,12,Nov 16 2013,2:00 PM,Sat,East Carolina,63,,Alabama-Birmingham,14,
654,12,Nov 16 2013,12:30 PM,Sat,Florida Atlantic,41,@,Southern Mississippi,7,
655,12,Nov 16 2013,3:30 PM,Sat,(2) Florida State,59,,Syracuse,3,
656,12,Nov 16 2013,12:00 PM,Sat,Kansas,31,,West Virginia,19,
657,12,Nov 16 2013,3:30 PM,Sat,Kansas State,33,,Texas Christian,31,
658,12,Nov 16 2013,2:00 PM,Sat,Louisiana-Lafayette,35,@,Georgia State,21,
659,12,Nov 16 2013,7:00 PM,Sat,(19) Louisville,20,,Houston,13,
660,12,Nov 16 2013,12:30 PM,Sat,Maryland,27,@,Virginia Tech,24,
661,12,Nov 16 2013,7:00 PM,Sat,Memphis,23,@,South Florida,10,
662,12,Nov 16 2013,3:30 PM,Sat,Michigan,27,@,Northwestern,19,
663,12,Nov 16 2013,3:30 PM,Sat,(14) Michigan State,41,@,Nebraska,28,
664,12,Nov 16 2013,12:00 PM,Sat,Mississippi,51,,Troy,21,
665,12,Nov 16 2013,3:30 PM,Sat,Navy,42,,South Alabama,14,
666,12,Nov 16 2013,10:30 PM,Sat,Nevada,38,,San Jose State,16,
667,12,Nov 16 2013,12:30 PM,Sat,North Carolina,34,@,Pittsburgh,27,
668,12,Nov 16 2013,12:00 PM,Sat,(3) Ohio State,60,@,Illinois,35,
669,12,Nov 16 2013,12:00 PM,Sat,(22) Oklahoma,48,,Iowa State,10,
670,12,Nov 16 2013,3:30 PM,Sat,(12) Oklahoma State,38,@,(23) Texas,13,
671,12,Nov 16 2013,4:00 PM,Sat,(6) Oregon,44,,Utah,21,
672,12,Nov 16 2013,12:00 PM,Sat,Penn State,45,,Purdue,21,
673,12,Nov 16 2013,7:00 PM,Sat,Rice,52,,Louisiana Tech,14,
674,12,Nov 16 2013,10:30 PM,Sat,San Diego State,28,@,Hawaii,21,
675,12,Nov 16 2013,7:00 PM,Sat,(11) South Carolina,19,,Florida,14,
676,12,Nov 16 2013,8:00 PM,Sat,Southern California,20,,(5) Stanford,17,
677,12,Nov 16 2013,3:00 PM,Sat,Southern Methodist,38,,Connecticut,21,
678,12,Nov 16 2013,8:00 PM,Sat,Texas-El Paso,33,,Florida International,10,
679,12,Nov 16 2013,12:21 PM,Sat,Vanderbilt,22,,Kentucky,6,
680,12,Nov 16 2013,2:00 PM,Sat,Washington State,24,@,Arizona,17,
681,12,Nov 16 2013,12:00 PM,Sat,(17) Wisconsin,51,,Indiana,3,
682,13,Nov 19 2013,8:00 PM,Tue,Buffalo,44,@,Miami (OH),7,
683,13,Nov 19 2013,8:00 PM,Tue,Kent State,44,@,Ohio,13,
684,13,Nov 20 2013,8:00 PM,Wed,(20) Northern Illinois,35,@,Toledo,17,
685,13,Nov 21 2013,7:30 PM,Thu,(17) Central Florida,41,,Rutgers,17,
686,13,Nov 21 2013,9:30 PM,Thu,Nevada-Las Vegas,41,@,Air Force,21,
687,13,Nov 21 2013,7:30 PM,Thu,Rice,37,@,Alabama-Birmingham,34,
688,13,Nov 22 2013,9:30 PM,Fri,Navy,58,@,San Jose State,52,
689,13,Nov 23 2013,2:00 PM,Sat,(1) Alabama,49,,Chattanooga,0,
690,13,Nov 23 2013,3:30 PM,Sat,Arizona,42,,(5) Oregon,16,
691,13,Nov 23 2013,7:00 PM,Sat,(19) Arizona State,38,@,(14) UCLA,33,
692,13,Nov 23 2013,3:00 PM,Sat,Arkansas State,35,,Georgia State,33,
693,13,Nov 23 2013,3:30 PM,Sat,Boston College,29,@,Maryland,26,
694,13,Nov 23 2013,1:00 PM,Sat,Bowling Green State,58,@,Eastern Michigan,7,
695,13,Nov 23 2013,1:00 PM,Sat,Central Michigan,37,,Massachusetts,0,
696,13,Nov 23 2013,12:00 PM,Sat,Cincinnati,24,,Houston,17,BBVA Compass Stadium - Houston TX
697,13,Nov 23 2013,12:00 PM,Sat,(7) Clemson,52,,Citadel,6,
698,13,Nov 23 2013,7:00 PM,Sat,Connecticut,28,@,Temple,21,
699,13,Nov 23 2013,12:00 PM,Sat,(25) Duke,28,@,Wake Forest,21,
700,13,Nov 23 2013,12:30 PM,Sat,East Carolina,42,@,North Carolina State,28,
701,13,Nov 23 2013,3:00 PM,Sat,Florida Atlantic,55,,New Mexico State,10,
702,13,Nov 23 2013,3:30 PM,Sat,(2) Florida State,80,,Idaho,14,
703,13,Nov 23 2013,4:00 PM,Sat,(15) Fresno State,69,,New Mexico,28,
704,13,Nov 23 2013,7:00 PM,Sat,Georgia,59,,Kentucky,17,
706,13,Nov 23 2013,1:30 PM,Sat,Georgia Tech,66,,Alabama A&amp;M,7,
707,13,Nov 23 2013,12:00 PM,Sat,Illinois,20,@,Purdue,16,
708,13,Nov 23 2013,12:00 PM,Sat,Iowa,24,,Michigan,21,
709,13,Nov 23 2013,8:00 PM,Sat,Iowa State,34,,Kansas,0,
710,13,Nov 23 2013,3:30 PM,Sat,(18) Louisiana State,34,,(9) Texas A&amp;M,10,
711,13,Nov 23 2013,12:00 PM,Sat,(21) Louisville,24,,Memphis,17,
712,13,Nov 23 2013,6:00 PM,Sat,Marshall,48,@,Florida International,10,
713,13,Nov 23 2013,12:00 PM,Sat,Miami (FL),45,,Virginia,26,
714,13,Nov 23 2013,12:00 PM,Sat,(13) Michigan State,30,@,Northwestern,6,
715,13,Nov 23 2013,3:30 PM,Sat,Middle Tennessee State,42,@,Southern Mississippi,21,
716,13,Nov 23 2013,12:21 PM,Sat,Mississippi State,24,@,Arkansas,17,
717,13,Nov 23 2013,7:45 PM,Sat,(8) Missouri,24,@,(24) Mississippi,10,
718,13,Nov 23 2013,3:30 PM,Sat,Nebraska,23,@,Penn State,20,
719,13,Nov 23 2013,12:00 PM,Sat,North Carolina,80,,Old Dominion,20,
720,13,Nov 23 2013,3:30 PM,Sat,Notre Dame,23,,Brigham Young,13,
721,13,Nov 23 2013,3:30 PM,Sat,(4) Ohio State,42,,Indiana,14,
722,13,Nov 23 2013,12:00 PM,Sat,(22) Oklahoma,41,@,Kansas State,31,
723,13,Nov 23 2013,8:00 PM,Sat,(11) Oklahoma State,49,,(3) Baylor,17,
724,13,Nov 23 2013,12:30 PM,Sat,Pittsburgh,17,@,Syracuse,16,
725,13,Nov 23 2013,10:30 PM,Sat,San Diego State,34,,Boise State,31,
726,13,Nov 23 2013,7:00 PM,Sat,South Alabama,36,,Louisiana-Monroe,14,
727,13,Nov 23 2013,1:00 PM,Sat,(12) South Carolina,70,,Coastal Carolina,10,
728,13,Nov 23 2013,9:30 PM,Sat,(23) Southern California,47,@,Colorado,29,
729,13,Nov 23 2013,7:00 PM,Sat,Southern Methodist,16,@,South Florida,6,
730,13,Nov 23 2013,4:00 PM,Sat,(10) Stanford,63,,California,13,
731,13,Nov 23 2013,3:30 PM,Sat,Texas-San Antonio,21,@,North Texas,13,
732,13,Nov 23 2013,3:30 PM,Sat,Tulane,45,,Texas-El Paso,3,
733,13,Nov 23 2013,7:00 PM,Sat,Tulsa,24,@,Louisiana Tech,14,
734,13,Nov 23 2013,3:30 PM,Sat,Utah State,13,,Colorado State,0,
735,13,Nov 23 2013,7:00 PM,Sat,Vanderbilt,14,@,Tennessee,10,
736,13,Nov 23 2013,10:30 PM,Sat,Washington,69,@,Oregon State,27,
737,13,Nov 23 2013,3:30 PM,Sat,Washington State,49,,Utah,37,
738,13,Nov 23 2013,7:00 PM,Sat,Western Kentucky,38,@,Texas State,7,
739,13,Nov 23 2013,3:30 PM,Sat,(16) Wisconsin,20,@,Minnesota,7,
740,13,Nov 23 2013,2:05 PM,Sat,Wyoming,59,,Hawaii,56,
741,14,Nov 26 2013,7:00 PM,Tue,(18) Northern Illinois,33,,Western Michigan,14,
742,14,Nov 28 2013,7:30 PM,Thu,Mississippi State,17,,Mississippi,10,
743,14,Nov 28 2013,7:30 PM,Thu,Texas,41,,Texas Tech,16,
744,14,Nov 29 2013,12:00 PM,Fri,Akron,31,,Toledo,29,
745,14,Nov 29 2013,1:00 PM,Fri,Ball State,55,,Miami (OH),14,
746,14,Nov 29 2013,1:30 PM,Fri,Bowling Green State,24,,Buffalo,7,Ralph Wilson Stadium - Orchard Park NY
747,14,Nov 29 2013,8:00 PM,Fri,(17) Central Florida,23,,South Florida,20,
748,14,Nov 29 2013,2:00 PM,Fri,Central Michigan,42,,Eastern Michigan,10,
749,14,Nov 29 2013,3:00 PM,Fri,Florida Atlantic,21,,Florida International,6,
750,14,Nov 29 2013,12:00 PM,Fri,Houston,34,,Southern Methodist,0,Reliant Stadium - Houston TX
751,14,Nov 29 2013,12:00 PM,Fri,Iowa,38,@,Nebraska,17,
752,14,Nov 29 2013,2:30 PM,Fri,(15) Louisiana State,31,,Arkansas,27,
753,14,Nov 29 2013,12:00 PM,Fri,Marshall,59,,East Carolina,28,
754,14,Nov 29 2013,3:30 PM,Fri,Miami (FL),41,@,Pittsburgh,31,
755,14,Nov 29 2013,2:00 PM,Fri,Ohio,51,,Massachusetts,23,
756,14,Nov 29 2013,7:00 PM,Fri,(12) Oregon,36,,Oregon State,35,
757,14,Nov 29 2013,3:30 PM,Fri,San Jose State,62,,(16) Fresno State,52,
758,14,Nov 29 2013,2:00 PM,Fri,Troy,42,,Texas State,28,
759,14,Nov 29 2013,3:30 PM,Fri,Washington,27,,Washington State,17,
760,14,Nov 30 2013,9:30 PM,Sat,(13) Arizona State,58,,Arizona,21,
761,14,Nov 30 2013,3:30 PM,Sat,(4) Auburn,34,,(1) Alabama,28,
762,14,Nov 30 2013,3:30 PM,Sat,(9) Baylor,41,@,Texas Christian,38,
763,14,Nov 30 2013,10:15 PM,Sat,Boise State,45,,New Mexico,17,
764,14,Nov 30 2013,3:05 PM,Sat,Brigham Young,28,@,Nevada,23,
765,14,Nov 30 2013,2:00 PM,Sat,Colorado State,58,,Air Force,13,
766,14,Nov 30 2013,12:00 PM,Sat,Connecticut,28,,Rutgers,17,
767,14,Nov 30 2013,12:00 PM,Sat,(24) Duke,27,@,North Carolina,25,
768,14,Nov 30 2013,12:00 PM,Sat,(2) Florida State,37,@,Florida,7,
769,14,Nov 30 2013,3:30 PM,Sat,Georgia,41,@,Georgia Tech,34,
770,14,Nov 30 2013,11:00 PM,Sat,Hawaii,49,,Army,42,
771,14,Nov 30 2013,3:30 PM,Sat,Indiana,56,,Purdue,36,
772,14,Nov 30 2013,4:00 PM,Sat,Iowa State,52,@,West Virginia,44,
773,14,Nov 30 2013,12:00 PM,Sat,Kansas State,31,@,Kansas,10,
774,14,Nov 30 2013,7:00 PM,Sat,Louisiana-Monroe,31,@,Louisiana-Lafayette,28,
775,14,Nov 30 2013,12:30 PM,Sat,Maryland,41,@,North Carolina State,21,
776,14,Nov 30 2013,12:00 PM,Sat,(11) Michigan State,14,,Minnesota,3,
777,14,Nov 30 2013,3:45 PM,Sat,Middle Tennessee State,48,,Texas-El Paso,17,
778,14,Nov 30 2013,7:45 PM,Sat,(5) Missouri,28,,(19) Texas A&amp;M,21,
779,14,Nov 30 2013,10:30 PM,Sat,Nevada-Las Vegas,45,,San Diego State,19,
780,14,Nov 30 2013,3:30 PM,Sat,New Mexico State,24,,Idaho,16,
781,14,Nov 30 2013,2:30 PM,Sat,North Texas,42,@,Tulsa,10,
782,14,Nov 30 2013,3:30 PM,Sat,Northwestern,37,@,Illinois,34,
783,14,Nov 30 2013,12:00 PM,Sat,(3) Ohio State,42,@,Michigan,41,
784,14,Nov 30 2013,3:30 PM,Sat,Penn State,31,@,(14) Wisconsin,24,
785,14,Nov 30 2013,3:00 PM,Sat,Rice,17,,Tulane,13,
786,14,Nov 30 2013,2:00 PM,Sat,South Alabama,38,@,Georgia State,17,
787,14,Nov 30 2013,7:00 PM,Sat,(10) South Carolina,31,,(6) Clemson,17,
788,14,Nov 30 2013,1:00 PM,Sat,Southern Mississippi,62,@,Alabama-Birmingham,27,
789,14,Nov 30 2013,7:00 PM,Sat,(8) Stanford,27,,(25) Notre Dame,20,
790,14,Nov 30 2013,3:30 PM,Sat,Syracuse,34,,Boston College,31,
791,14,Nov 30 2013,12:00 PM,Sat,Temple,41,@,Memphis,21,
792,14,Nov 30 2013,7:00 PM,Sat,Tennessee,27,@,Kentucky,14,
793,14,Nov 30 2013,3:30 PM,Sat,Texas-San Antonio,30,,Louisiana Tech,10,
794,14,Nov 30 2013,8:00 PM,Sat,(22) UCLA,35,@,(23) Southern California,14,
795,14,Nov 30 2013,2:00 PM,Sat,Utah,24,,Colorado,17,
796,14,Nov 30 2013,2:00 PM,Sat,Utah State,35,,Wyoming,7,
797,14,Nov 30 2013,12:21 PM,Sat,Vanderbilt,23,,Wake Forest,21,
798,14,Nov 30 2013,3:30 PM,Sat,Virginia Tech,16,@,Virginia,6,
799,14,Nov 30 2013,4:00 PM,Sat,Western Kentucky,34,,Arkansas State,31,
800,15,Dec 5 2013,7:30 PM,Thu,(19) Louisville,31,@,Cincinnati,24,
801,15,Dec 6 2013,8:00 PM,Fri,Bowling Green State,47,,(16) Northern Illinois,27,Mid-American Championship - Ford Field Detroit MI
802,15,Dec 7 2013,4:00 PM,Sat,(3) Auburn,59,,(5) Missouri,42,SEC Championship - Georgia Dome Atlanta GA
803,15,Dec 7 2013,3:30 PM,Sat,(9) Baylor,30,,(23) Texas,10,
804,15,Dec 7 2013,12:00 PM,Sat,(15) Central Florida,17,@,Southern Methodist,13,
805,15,Dec 7 2013,1:00 PM,Sat,Connecticut,45,,Memphis,10,
806,15,Dec 7 2013,8:00 PM,Sat,(1) Florida State,45,,(20) Duke,7,ACC Championship - Bank of America Stadium Charlotte NC
807,15,Dec 7 2013,10:00 PM,Sat,(24) Fresno State,24,,Utah State,17,
808,15,Dec 7 2013,8:17 PM,Sat,(10) Michigan State,34,,(2) Ohio State,24,Big Ten Championship - Lucas Oil Stadium Indianapolis IN
809,15,Dec 7 2013,12:00 PM,Sat,(18) Oklahoma,33,@,(6) Oklahoma State,24,
810,15,Dec 7 2013,12:00 PM,Sat,Rice,41,,Marshall,24,
811,15,Dec 7 2013,7:30 PM,Sat,Rutgers,31,,South Florida,6,
812,15,Dec 7 2013,8:00 PM,Sat,South Alabama,30,,Louisiana-Lafayette,8,
813,15,Dec 7 2013,7:45 PM,Sat,(7) Stanford,38,@,(11) Arizona State,14,
814,16,Dec 14 2013,3:00 PM,Sat,Navy,34,,Army,7,Lincoln Financial Field - Philadelphia PA
815,17,Dec 21 2013,2:00 PM,Sat,Colorado State,48,,Washington State,45,Gildan New Mexico Bowl - University Stadium Albuquerque NM
816,17,Dec 21 2013,9:00 PM,Sat,Louisiana-Lafayette,24,,Tulane,21,R+L Carriers New Orleans Bowl - Mercedes-Benz Superdome New Orleans LA
817,17,Dec 21 2013,5:30 PM,Sat,San Diego State,49,,Buffalo,24,Famous Idaho Potato Bowl - Bronco Stadium Boise ID
818,17,Dec 21 2013,3:30 PM,Sat,Southern California,45,,(21) Fresno State,20,Royal Purple Las Vegas Bowl - Sam Boyd Stadium Las Vegas NV
819,17,Dec 23 2013,2:00 PM,Mon,East Carolina,37,,Ohio,20,Beef O Brady`s Bowl - Tropicana Field St. Petersburg FL
820,18,Dec 24 2013,8:00 PM,Tue,Oregon State,38,,Boise State,23,Sheraton Hawaii Bowl - Hawaiian Airlines Field at Aloha Stadium Honolulu HI
821,18,Dec 26 2013,6:00 PM,Thu,Pittsburgh,30,,Bowling Green State,27,Little Caesars Pizza Bowl - Ford Field Detroit MI
822,18,Dec 26 2013,9:30 PM,Thu,Utah State,21,,(24) Northern Illinois,14,San Diego County Credit Union Poinsettia Bowl - Qualcomm Stadium San Diego CA
823,18,Dec 27 2013,2:30 PM,Fri,Marshall,31,,Maryland,20,Military Bowl - Navy-Marine Corp Memorial Stadium Annapolis MD
824,18,Dec 27 2013,6:00 PM,Fri,Syracuse,21,,Minnesota,17,Texas Bowl - Reliant Stadium Houston TX
825,18,Dec 27 2013,9:30 PM,Fri,Washington,31,,Brigham Young,16,Kraft Fight Hunger Bowl - AT&amp;T Park San Francisco CA
826,18,Dec 28 2013,10:15 PM,Sat,Kansas State,31,,Michigan,14,Buffalo Wild Wings Bowl - Sun Devil Stadium Tempe AZ
827,18,Dec 28 2013,6:45 PM,Sat,(18) Louisville,36,,Miami (FL),9,Russell Athletic Bowl - Florida Citrus Bowl Stadium Orlando FL
828,18,Dec 28 2013,3:20 PM,Sat,North Carolina,39,,Cincinnati,17,Belk Bowl - Bank of America Stadium Charlotte NC
829,18,Dec 28 2013,12:00 PM,Sat,(25) Notre Dame,29,,Rutgers,16,New Era Pinstripe Bowl - Yankee Stadium Bronx NY
830,19,Dec 30 2013,3:15 PM,Mon,Mississippi,25,,Georgia Tech,17,Franklin American Mortgage Music City Bowl - LP Field Nashville TN
831,19,Dec 30 2013,11:45 AM,Mon,Navy,24,,Middle Tennessee State,6,Bell Helicopter Armed Forces Bowl - Amon G. Carter Stadium Fort Worth TX
832,19,Dec 30 2013,6:45 PM,Mon,(10) Oregon,30,,Texas,7,Valero Alamo Bowl - Alamodome San Antonio TX
833,19,Dec 30 2013,10:15 PM,Mon,Texas Tech,37,,(16) Arizona State,23,National University Holiday Bowl - Qualcomm Stadium San Diego CA
834,20,Dec 31 2013,12:30 PM,Tue,Arizona,42,,Boston College,19,Advocare V100 Bowl - Independence Stadium Shreveport LA
835,20,Dec 31 2013,4:00 PM,Tue,Mississippi State,44,,Rice,7,AutoZone Liberty Bowl - Liberty Bowl Memorial Stadium Memphis TN
836,20,Dec 31 2013,8:00 PM,Tue,(20) Texas A&amp;M,52,,(22) Duke,48,Chick-fil-A Bowl - Georgia Dome Atlanta GA
837,20,Dec 31 2013,2:10 PM,Tue,(17) UCLA,42,,Virginia Tech,12,Hyundai Sun Bowl - Sun Bowl El Paso TX
838,20,Jan 1 2014,8:30 PM,Wed,(15) Central Florida,52,,(6) Baylor,42,Tostitos Fiesta Bowl - University of Phoenix Stadium Glendale AZ
839,20,Jan 1 2014,1:00 PM,Wed,(14) Louisiana State,21,,Iowa,14,Outback Bowl - Raymond James Stadium Tampa FL
840,20,Jan 1 2014,5:00 PM,Wed,(4) Michigan State,24,,(5) Stanford,20,Rose Bowl - Rose Bowl Pasadena CA
841,20,Jan 1 2014,12:00 PM,Wed,Nebraska,24,,(23) Georgia,19,TaxSlayer.com Gator Bowl - EverBank Field Jacksonville FL
842,20,Jan 1 2014,12:00 PM,Wed,North Texas,36,,Nevada-Las Vegas,14,Heart of Dallas Bowl - Cotton Bowl - Dallas TX
843,20,Jan 1 2014,1:00 PM,Wed,(8) South Carolina,34,,(19) Wisconsin,24,Capital One Bowl - Florida Citrus Bowl Orlando FL
844,20,Jan 2 2014,8:30 PM,Thu,(11) Oklahoma,45,,(3) Alabama,31,Allstate Sugar Bowl - Mercedes-Benz Superdome New Orleans LA
845,20,Jan 3 2014,8:30 PM,Fri,(12) Clemson,40,,(7) Ohio State,35,Discover Orange Bowl - Sun Life Stadium Miami Gardens FL
846,20,Jan 3 2014,8:10 PM,Fri,(9) Missouri,41,,(13) Oklahoma State,31,AT&amp;T Cotton Bowl Classic - AT&amp;T Stadium Arlington TX
847,20,Jan 4 2014,1:00 PM,Sat,Vanderbilt,41,,Houston,24,BBVA Compass Bowl - Legion Field Birmingham AL
848,20,Jan 5 2014,9:00 PM,Sun,Arkansas State,23,,Ball State,20,GoDaddy Bowl - Ladd-Peebles Stadium Mobile AL
849,20,Jan 6 2014,8:30 PM,Mon,(1) Florida State,34,,(2) Auburn,31,BCS National Championship Game - Rose Bowl Pasadena CA
